"","id","EmailClickthrough","EmailOpen","FormSubmit","PageView","WebVisit","rank"
"1","63d5cb92cae81b5",0,0,0,1,0,0.996554701896484
"2","c4ac8dc2a4480e3",0,0,0,1,0,0.996554701896484
"3","d36aca80a073fba",0,0,0,1,0,0.996554701896484
"4","921dabe84d0c995",10,68,16,38,38,0.822327740879468
"5","1c25b3c5930bad8",22,69,19,36,36,0.815263783696078
"6","bfb9907ad2f62b8",14,54,14,52,52,0.813916051265393
"7","75e185cf20f868f",19,64,13,50,50,0.812458024851946
"8","c732cc10ee2a3e4",20,76,20,34,34,0.811438489899129
"9","af9682d336d651e",19,69,17,33,33,0.810423029430116
"10","0ec78db2c7be600",23,81,23,51,52,0.808495220526246
"11","a027a3dec539d9c",14,59,13,46,46,0.807284697141254
"12","583b926e3c0199d",18,66,18,34,35,0.80704929287976
"13","e2ee590fb3fe3a5",9,70,12,23,23,0.80406760930594
"14","52b0f23295618c0",9,55,11,38,38,0.804057101464687
"15","362910baf758790",16,58,15,39,39,0.80376254583924
"16","039b23602c81c77",14,46,13,35,35,0.802156188142949
"17","6c5ee168ab6de80",17,60,19,35,37,0.80185980551103
"18","c540a65e71d944b",16,60,12,41,41,0.795781765720913
"19","99113a704e01c5c",7,42,12,40,41,0.794946633897562
"20","b740b3bddd811a8",17,75,16,25,25,0.793518763555874
"21","4e60f7627584004",20,66,19,63,63,0.792834760334006
"22","d8f0bc0c8be4f34",12,51,13,19,19,0.789498608424135
"23","4dbd47d422b0c56",17,66,16,26,26,0.788989711150967
"24","f8b864a579a5b77",15,46,12,36,37,0.788557906672931
"25","3a6887a3f362a78",20,61,14,36,36,0.787540125545418
"26","0c66ac5ea0f1294",11,63,9,44,44,0.787273898922749
"27","0a814e3e0b85608",14,56,11,28,28,0.787066050945209
"28","b17eb4ed21a625d",15,53,14,23,23,0.786512654779899
"29","025e01b1c5995b8",10,46,7,59,59,0.786380063038122
"30","467cef547d363a1",23,65,19,28,28,0.785537783997819
"31","31dfc49e9c52960",9,47,12,17,17,0.785119392303528
"32","fe26598329d2b39",11,46,11,25,25,0.783460888827174
"33","0d616bfb2f9660c",14,43,12,20,20,0.782998792925878
"34","6cdb8c7faea7687",7,45,5,41,42,0.782919884445696
"35","79134aa7227f36c",14,54,11,22,22,0.781983513674412
"36","6cc2ec800ec3aa7",12,43,14,47,47,0.781830046770995
"37","4243330e9cfa005",8,46,5,43,43,0.781476798432945
"38","e5d4ef5953d7940",10,40,4,50,50,0.780863056101395
"39","5223e552f2c2675",10,43,11,16,16,0.780469406110696
"40","5de4981a8c3bc67",14,65,11,14,14,0.780121841335059
"41","0d9f2ba456d51e8",9,43,4,42,41,0.779671203023708
"42","36ca4b9a6b18160",10,40,7,38,38,0.779471056932448
"43","fe6315992e79c88",10,36,12,25,25,0.77736152995481
"44","0e6446dbb94991a",15,63,12,25,25,0.777329687553499
"45","256cdab1d788770",11,40,6,42,42,0.776718352181997
"46","1ee74719c143483",13,47,11,18,18,0.776573107012682
"47","10205dd0c759b28",9,42,9,32,32,0.776425632882525
"48","65accf10f85ad4a",10,46,5,34,34,0.77627575351693
"49","5ab321c0af5087e",14,61,14,17,17,0.775565364652188
"50","d502f4f5eafdad4",12,63,8,28,28,0.773847106648041
"51","1ace9727f569eca",13,46,10,57,57,0.773582716777559
"52","95274815f8363ee",10,41,15,20,20,0.772714001022727
"53","c8fdd2c72942241",11,43,6,33,33,0.771875397754948
"54","3a86069de65ba9f",9,48,13,17,18,0.771607891429537
"55","8363ec4ceec589a",12,53,12,16,15,0.771170384491583
"56","c8e63373c9440e0",15,47,13,27,27,0.770631618501434
"57","8ab01e8fca3d3b1",4,47,7,25,25,0.770525831623879
"58","4c0c38b4b90d031",11,62,7,42,42,0.770374563250418
"59","1fe5f6a1554e966",11,63,11,13,13,0.770319459323486
"60","c967dd6b254b7f3",9,35,6,44,44,0.770233644346954
"61","f73e943867cfdfd",5,62,0,46,45,0.770071046601155
"62","e320b6702da2153",4,48,3,37,37,0.769799846230335
"63","c8f1d98c5d29323",15,51,13,21,21,0.769269967761216
"64","d54abaa471265ff",14,69,9,19,19,0.769168141139197
"65","758c556cb065c1c",6,47,5,28,28,0.768867495440576
"66","4b8dc685e2d60ca",12,48,11,17,17,0.768516907742469
"67","06ebb7321ede26d",4,48,1,59,58,0.768184292075422
"68","22a998a0c3c4476",16,56,12,25,25,0.76728640696463
"69","20be0433bae6aae",10,37,6,36,36,0.766344653709431
"70","7ff1ad77efac5b9",9,53,8,25,25,0.765852262917206
"71","26940309abb5cfa",11,53,6,60,60,0.765812681064797
"72","0226b29725833e3",7,38,7,34,34,0.765698994195459
"73","d8b50c472d9b786",7,46,0,45,45,0.764287143520475
"74","5c51143215283f2",8,40,6,34,36,0.763473556999513
"75","5571b8be0fa8a04",8,36,7,50,50,0.763079149086971
"76","986beda7a0fc78e",8,49,6,28,28,0.762812567132167
"77","8b7f1d68bf4be9d",17,60,16,17,18,0.761827450192
"78","0486a637d387183",4,47,2,58,58,0.761810479490624
"79","a4aa94a29bf6931",12,46,9,31,31,0.761706414433211
"80","42f54c204f2b3af",10,40,8,23,23,0.760971796200377
"81","5f1d0057a2369aa",13,54,10,35,35,0.760459637640029
"82","895cff9c0ae623e",5,43,5,24,24,0.760090591059191
"83","e05a115f0f4530c",15,54,11,17,17,0.76007569801889
"84","47039089615b589",18,63,15,21,21,0.759614959101362
"85","61d714a24ee246f",26,74,19,22,22,0.758806727281755
"86","94427ab54b7d3ca",10,59,11,12,13,0.758708124032089
"87","10e3d5a7278e041",6,48,3,35,35,0.758066797835702
"88","7c4dd4fe0851a6a",7,49,7,24,24,0.757149988224136
"89","85c2cb5b89f6ec8",10,36,4,30,30,0.756577396828598
"90","d42ce49ab5813ef",14,59,11,14,14,0.75656332763925
"91","6fdd96394401ce9",12,63,9,16,16,0.756541912650157
"92","d1888477744d696",11,43,4,29,29,0.75581364852249
"93","1ba20d771691a11",4,36,3,46,46,0.754807265152111
"94","cb3ec7308644e93",25,64,12,54,54,0.754379139077918
"95","44961766485c070",8,53,8,19,19,0.753915350914452
"96","eacf1fa8870fde5",10,71,7,13,13,0.753893919166871
"97","39c614eb0410088",14,59,10,23,24,0.753519175306251
"98","c1913c4a9f483a2",23,64,21,36,36,0.753374818243285
"99","d01c1c778af40db",15,48,7,52,52,0.752960525124819
"100","904a3da97a91f9b",24,64,20,36,36,0.752857466080959
"101","aaa4bff9c3f2206",6,34,4,41,41,0.752626524809091
"102","456b1f64182a456",11,42,10,17,17,0.75227349688192
"103","54b3e9447d8dd13",11,42,10,16,16,0.751935877085514
"104","0c29c23837d220f",5,35,2,48,48,0.751718820997039
"105","9c262014bed9ef3",16,58,17,19,19,0.750300447654717
"106","a8def7fde65737d",13,52,10,23,23,0.749905872762042
"107","231ac5f0428f390",7,37,3,47,47,0.749863596380883
"108","3ec09f118a13852",7,47,8,21,22,0.749772150754293
"109","324eebae59f702d",14,41,9,38,38,0.749422137318727
"110","ab8c00e65660d8d",6,44,6,22,22,0.74938146438569
"111","a0f64c6642d0d01",10,56,9,18,18,0.749048689034324
"112","1e4f6139c061266",15,63,9,38,38,0.748386914085083
"113","0617553f606401b",15,70,10,18,19,0.748069773018732
"114","31da8f78378b97a",14,44,16,24,24,0.747969436119313
"115","2c010e514caa861",12,50,11,15,15,0.747857100600678
"116","595c2dd23a5435a",8,33,5,44,44,0.74710229094691
"117","b6d3f2ca966c0bc",9,46,9,22,22,0.746689612916808
"118","b28d640716dde9d",6,29,5,31,31,0.746615276516332
"119","8f1aacd69164c4d",14,65,4,23,23,0.746294567937446
"120","20eae2b9a74b037",16,45,11,27,27,0.745897108886237
"121","a772f884d89d265",10,37,9,24,24,0.745387060408846
"122","3781400ad4c8b65",5,32,6,52,52,0.745324982670359
"123","2643819f8bcf2e5",6,49,8,17,17,0.744452119596233
"124","098804b2b3841ba",12,37,4,33,33,0.744442734702722
"125","591dba9a55512b1",19,45,22,57,57,0.74437449135709
"126","6e84dd8c3ebb4e7",8,54,8,17,17,0.743367910367751
"127","6a8a1ca449b79fc",9,43,9,17,17,0.743180751850896
"128","8e450b920903b1e",7,53,6,21,21,0.74186203486011
"129","5a625d4fbd4431f",8,35,6,29,29,0.740860690674023
"130","93870a40c84a725",20,71,8,53,53,0.740840347868901
"131","fd41db7856f4c81",16,76,9,21,21,0.740716955616207
"132","21539369019751c",22,43,12,38,38,0.740441884367927
"133","27d878f1d7846b6",13,44,6,27,27,0.740241047652689
"134","f3ed631a422c52c",17,46,11,18,18,0.740112217419858
"135","d6d060966a7e2be",6,33,7,28,28,0.739983256523986
"136","563bb8e8ba54367",2,31,6,39,39,0.739726902134338
"137","2c5985bc1590cdc",8,58,6,27,27,0.738607325216699
"138","c378358fc934f85",7,46,7,19,19,0.738567288380364
"139","6f8febc2791bd19",19,52,16,38,38,0.738494776741013
"140","4d6c49083240827",11,55,9,21,21,0.73829670247737
"141","33ef2eae1257587",5,44,4,21,21,0.738203646712007
"142","11171b5713f2020",10,44,12,15,15,0.738176600613091
"143","378ce148a446043",13,49,10,20,20,0.738097327896325
"144","1e3179bb27ee071",10,43,6,18,18,0.738033577126788
"145","dd085f5a6732e63",16,45,13,19,19,0.7369337880801
"146","80d3453dc5f21e7",4,40,1,30,30,0.736724348354599
"147","9c73814e88fe156",6,36,4,27,27,0.736710017988337
"148","5cbd3e84d1e06f5",14,49,9,23,23,0.736066398149103
"149","54402ca7428b825",9,42,7,17,17,0.735743754509362
"150","bcd5f28d661fb51",12,44,12,13,13,0.735726908938843
"151","127c9792aaf2a28",9,47,10,15,16,0.735474100266817
"152","17057adeaa93732",8,45,7,19,19,0.735347530371525
"153","17a4acde9bfa19e",6,30,3,47,47,0.735306736657876
"154","680e09752bbb2ca",13,48,5,29,29,0.734848650369822
"155","33c78c6cff8c896",6,86,2,20,20,0.734289132469326
"156","fe5cb8f852c2a50",19,56,10,44,44,0.734189161194001
"157","a2b17235e1401d8",23,49,12,37,36,0.733826235119942
"158","29463f92e409f0d",10,43,11,12,12,0.733512793408367
"159","802684033c1c82e",6,38,6,20,20,0.733310740523752
"160","5e1f0c34587fea3",18,44,5,29,29,0.733164705407629
"161","2b4ba3eda57ffe5",18,51,8,53,53,0.732893559047925
"162","501f1e5f83c1fab",10,58,5,27,27,0.732801741182579
"163","875015b8fa51f35",13,47,10,17,17,0.732702408039272
"164","b3b6c1b395c2540",5,31,4,28,28,0.732474696082176
"165","c45a7238441f6ce",15,48,12,15,15,0.732253061946281
"166","72d1510be1b8bea",15,64,6,21,21,0.73210749398715
"167","7701f43d495d1d8",8,43,4,23,23,0.731710742562827
"168","bd632b7389c0e40",9,38,8,16,16,0.731681924782504
"169","7278ab20f821bab",15,49,13,14,14,0.73137244849465
"170","944f6fc39905908",29,52,18,74,74,0.731332246905487
"171","6ade882d4d068c4",26,63,19,36,38,0.731196859801812
"172","12dd81d6965a4a4",13,54,9,16,16,0.731106232564752
"173","9baeac80552be0d",8,70,7,9,9,0.730983530627796
"174","455a9fd6c212c31",8,38,5,25,25,0.730748591017818
"175","3f4d6b7a44408cc",3,31,5,43,43,0.73068789309355
"176","3d21026a0856d58",13,61,8,18,18,0.730567127033079
"177","01c9dda70b262bb",1,18,4,39,39,0.73005006137452
"178","2430f424830789a",7,30,5,28,28,0.729968568119714
"179","5e8fd6a38780299",24,61,22,41,41,0.729938692351947
"180","c84446d99012568",3,66,1,22,22,0.729537582724837
"181","9f323c738d7649f",7,41,2,29,29,0.728351395492473
"182","2954f216651c778",19,51,7,51,51,0.728342679307918
"183","6ef826b95fbe5f2",31,76,13,62,63,0.728261713314889
"184","4c6ae2750cf8f18",13,38,16,39,39,0.727867237053386
"185","6df74d9fb710b70",10,46,11,11,11,0.727715584830597
"186","b5d39eab5d4cce6",17,43,3,36,36,0.727609804330093
"187","23659f898f63fc4",3,30,7,38,38,0.727554164812824
"188","0e92a808c352bc2",13,41,5,19,19,0.72746563215327
"189","d9bc812f7c0f994",13,40,13,16,16,0.727430396662764
"190","30c66d488d06f2a",15,53,10,26,25,0.727055520251533
"191","6c6490ee32ead27",7,38,7,18,18,0.727030542243966
"192","b2d5b8b5076784f",10,39,7,17,17,0.726873018880738
"193","41649d7e96fa2d8",3,31,3,35,35,0.726537061133853
"194","01e3f460ec72931",29,80,28,75,75,0.726450542237647
"195","32599c35230edd2",4,52,3,20,20,0.726409550561599
"196","8846c8fc4639145",7,42,5,21,21,0.726195064710715
"197","9915cb45496d4d8",17,47,9,30,30,0.726024330859681
"198","1acfb268dc4c0ae",9,40,7,17,17,0.726006764065976
"199","c77a1ca839e77a6",2,38,0,37,37,0.725869410048327
"200","75f7e1efce012c7",6,31,2,45,45,0.724943318683676
"201","10626d4d3fb31e6",11,41,10,15,15,0.724864307642417
"202","1a1d0c04209fcf3",11,47,7,18,18,0.724776309422016
"203","a6a4198c8f99f34",24,52,11,53,53,0.724769142833886
"204","396c949d9394b50",4,48,5,17,17,0.724560443555904
"205","3d964d5c98fc18b",6,56,5,16,16,0.724538950459447
"206","d3eda8a56a5b5aa",10,44,4,20,20,0.72381219102491
"207","edfdcfc8c1b3325",17,55,9,40,40,0.723136780689325
"208","4073acc36593720",5,25,4,31,31,0.72273027774828
"209","e27dae64ba855e6",6,29,6,23,23,0.722509732023199
"210","6d4e4676b29cf6d",6,50,3,20,19,0.72244694610483
"211","e84c35b6778b1d2",11,40,3,29,29,0.722270670612132
"212","d6b1d65a2d4c35e",5,55,3,26,27,0.721936019766443
"213","786262cf360f2dc",11,52,2,41,41,0.721564682239286
"214","00e2daf8ea367f4",35,80,18,48,48,0.72116637781442
"215","f8c0f592ff8aaf5",14,52,2,52,51,0.721072174918118
"216","3864f251f59f487",2,36,2,42,42,0.721048265647356
"217","af1fa212bc06486",7,40,5,21,21,0.720830147394273
"218","5a8947825033135",7,42,2,28,28,0.720758221828991
"219","fb2568cc6e4f93a",31,70,20,58,58,0.720624141043789
"220","4a3d43ff9c855d3",4,35,2,29,29,0.720368173675815
"221","6f1a6d0c01fe6ba",4,33,6,22,22,0.7201625446063
"222","385ea3944c656de",8,36,9,19,19,0.719789838384891
"223","2542ffc8730f05a",9,35,7,18,18,0.719665594069247
"224","1b500b787cfeab8",10,36,11,14,14,0.719569076629662
"225","fb3e06d530387aa",12,57,7,17,17,0.71928263890649
"226","0ece47571897b67",6,69,4,14,14,0.718794920653641
"227","bed2a1b1f97bf26",21,37,24,42,44,0.718389974833342
"228","134803d7b9fba57",15,46,9,23,23,0.718314226796418
"229","3d79d3a0b2f4923",7,34,5,24,24,0.718036881555832
"230","9e8b65a9262d3eb",7,50,4,17,17,0.71800928738758
"231","6b784cb0569218a",27,36,19,40,40,0.717959268945357
"232","be428c7c154c8bb",5,28,5,24,24,0.717867194570543
"233","06dc630f5910238",6,34,7,21,21,0.717702945103712
"234","660ad2ed801a7ef",7,35,7,20,20,0.717617158032381
"235","785c526cb9742e5",18,43,5,32,32,0.717322574584659
"236","5b9813f28377791",15,40,7,37,37,0.716785350730275
"237","82cce7deaceb483",5,31,4,25,25,0.716780295321192
"238","92d06a504d27afd",1,17,4,48,48,0.716213698611611
"239","d89918796777abc",35,70,11,76,76,0.71603224026403
"240","728c203e1e9d1bd",9,36,4,21,20,0.716006583863221
"241","b7ca7bc752af58b",6,38,6,16,16,0.715835119133478
"242","ce85db4ead6a397",10,42,8,10,10,0.715828103123794
"243","d72c535ffded30c",5,36,3,23,23,0.715597803692139
"244","7b0f9a4eb4a6df4",24,56,5,31,31,0.715591189761646
"245","7c21520dc24c16f",24,65,58,49,63,0.715376953172604
"246","2e5d4dfc3ec4743",4,28,5,27,28,0.714921435707912
"247","7086395a1fe1e9d",6,46,4,16,16,0.714671425179705
"248","6431408b8ee52d6",3,28,5,43,43,0.714637112658136
"249","4f3bdeb2f034361",12,60,8,14,14,0.714404954050602
"250","fc8aec9e690fdbd",5,31,6,22,22,0.713991620656676
"251","f37055511955703",9,36,5,18,18,0.713355494291
"252","01ffe10a6f1ab80",5,27,5,23,23,0.712928685110304
"253","349d71d9a9d8bec",12,45,11,9,9,0.712632217943657
"254","ca6c1fdeb01fefd",6,39,3,23,23,0.712399411879889
"255","fc588cae04bcca9",7,35,7,17,16,0.712354747124257
"256","21e1cc9b291748b",8,34,5,23,23,0.712192945036437
"257","8e71cf27c21bdcf",10,46,9,10,10,0.712104083839199
"258","1155d8d7ae1b292",9,43,8,13,14,0.712028640511145
"259","2639b13c8f76dc2",6,37,6,18,19,0.711720699021596
"260","c2e9277abb3b794",10,46,8,11,11,0.711577674004798
"261","4e778ee4c613bda",8,44,8,14,14,0.71137317166489
"262","8d2d9fc189bee71",13,60,7,17,17,0.711282916924608
"263","3eaf987dfdf3abd",8,30,5,27,27,0.71068607469516
"264","44b7478868a5c5e",3,20,3,38,38,0.710406770529627
"265","8bb614e433be1c6",9,59,7,11,11,0.709703895903224
"266","ac5a0cb5f7a4a4c",11,40,6,16,16,0.709629852980714
"267","0abb2f699022a3a",7,28,3,34,34,0.709592961352085
"268","c2fb700d223f9f9",14,61,5,25,25,0.709587458524993
"269","ccf08e9815c0a80",10,43,7,14,14,0.709291559704908
"270","a13011f3d17b0fa",10,40,8,11,11,0.709049642751542
"271","95cd05b5ce4752f",7,34,2,30,30,0.708723092728506
"272","890fcd74b83c807",3,22,1,39,39,0.708716373376411
"273","00d9b03e25ea485",9,47,8,10,10,0.708716151296953
"274","ac61dcda581de79",11,45,9,13,13,0.708707703645488
"275","933f3315276bbfc",3,40,4,18,19,0.708496479210061
"276","47375a177edabab",5,33,5,19,19,0.708484965124955
"277","bdc75fd08fb72b9",6,61,3,19,19,0.708449583554612
"278","017eacd1ea4a35f",5,37,5,16,16,0.70839525430987
"279","2d3bdebaab963c1",34,75,23,54,55,0.708358479199235
"280","0acccc09876d7ea",3,30,6,21,22,0.708284530866328
"281","550d9cc4a00ccf2",10,38,8,13,13,0.708075672477063
"282","56b877d2ff754df",5,38,4,17,17,0.707407962342278
"283","689d7de5538bcaa",14,40,6,16,16,0.707346346621599
"284","03e21d7113e91da",29,68,29,53,54,0.706906421923788
"285","cd59d1f302a9320",8,61,7,11,11,0.706274858961543
"286","51cc57259c484d5",6,36,5,16,16,0.70608726446739
"287","41c9b778564b0e1",2,29,2,35,35,0.706082621293735
"288","435ffd49c8f1e98",14,39,16,25,27,0.705981699711185
"289","88994e0730c282e",6,43,6,13,13,0.705691440138949
"290","25292ff27fc27f8",10,43,8,9,9,0.705354492787782
"291","b08885d85036877",9,44,8,9,9,0.704995190532421
"292","0c26a782965668a",9,34,6,19,19,0.704987975442339
"293","8d031bf0624987b",10,41,6,13,13,0.704859258800567
"294","e1ef5fb33e51125",20,41,7,36,36,0.704813452282907
"295","c05652409eb0285",5,25,5,23,23,0.704715634625073
"296","d888f8020ca99e7",13,54,7,16,17,0.704549662018262
"297","2d168a403c26b30",9,49,8,10,10,0.704009375058805
"298","be3ab5f93c21c6f",6,42,6,15,15,0.703917725052831
"299","08e11fded17f258",7,39,8,13,13,0.703841979925411
"300","52bc159621bb4c6",35,51,20,52,52,0.70381028324462
"301","3ee091585695d22",8,34,6,22,22,0.703507167293883
"302","a0cacb491496c75",3,25,5,24,25,0.703471771000641
"303","ad2e0d9fdcb2e2a",6,31,13,27,27,0.703010522317329
"304","8d1ed20deb2c809",3,37,1,22,22,0.702140912098292
"305","d4ff8b213903c35",6,28,4,23,23,0.702091490472324
"306","3ff1feb5b674e3a",19,63,59,54,69,0.701891230843941
"307","51949cd96deb828",9,39,8,13,14,0.7015556467638
"308","91ca57464a67da8",24,75,4,45,45,0.701518952026175
"309","c78b7958a9e5eed",9,47,8,9,9,0.7009738169567
"310","7544a8536148429",7,37,5,17,17,0.700839084855844
"311","5e2325ea6116077",4,45,6,10,10,0.700569747936763
"312","ef8efa40dae93d2",4,58,3,18,19,0.700511180261732
"313","77538793d9f03c4",6,36,2,26,26,0.700007375008061
"314","53cacdff91268a9",36,50,12,50,50,0.700004662036782
"315","3f2bdf696d279cc",5,38,3,19,19,0.699761935195865
"316","04443b44bc9d064",27,67,4,68,68,0.69900129519662
"317","3d5a56bdb47ad79",10,36,8,12,12,0.698831581321211
"318","6448fdbc7673991",6,41,2,21,21,0.698525379786763
"319","3faa3a8e3360814",5,23,6,26,26,0.698404198396396
"320","3b807b47d30bfb7",8,34,7,19,20,0.698101297229972
"321","006f0efffdd891b",5,37,4,16,16,0.698099862095829
"322","aa8fd28a3f4a4f2",6,47,3,17,17,0.697646623497476
"323","2fabdccddcf8a5b",7,47,7,10,10,0.697262185081992
"324","55eecf26d8691ab",5,42,3,17,17,0.697215408341102
"325","573af65f1232be7",10,48,7,13,13,0.697083072397046
"326","3960f4524c3bc12",3,27,1,29,29,0.696816003305136
"327","250151fd9886b98",4,24,3,29,29,0.696784721738066
"328","abcc3da15018dc3",8,50,6,12,12,0.696628819741125
"329","5cbcb092b297b78",12,49,9,11,11,0.696576837768057
"330","c046f6208e9d6c1",11,46,9,15,15,0.696438367558335
"331","2c87b749e78e4b5",4,32,5,19,19,0.695951970145963
"332","382bac744cec902",12,47,8,12,12,0.695706948478081
"333","743827cffd6b1e3",6,32,4,22,22,0.695412308049388
"334","3a75aea029ec30d",6,25,7,39,39,0.695334892530162
"335","5f219dfa2f92a85",18,52,10,60,60,0.694357009405644
"336","0b3c2688916ecbd",8,35,6,16,16,0.6941117977197
"337","2117fa1fafe8ece",7,33,5,19,19,0.693882194128534
"338","d580ebd40cfab82",7,60,5,10,10,0.693726576119959
"339","7399f9bf1352d87",2,30,2,31,31,0.693583920094896
"340","0c6e6aee5218241",9,30,9,21,21,0.693517109555058
"341","52de17337ed56b2",4,27,5,21,21,0.693401395940963
"342","ea5833b7f86beb2",4,26,7,22,22,0.69318402044647
"343","a410ec7e5229625",4,43,3,17,17,0.692912366301759
"344","b2ff0862649d40a",5,29,4,18,18,0.692883360849644
"345","c7755e22c4c2f89",6,56,0,21,21,0.692572307179273
"346","891ff9179c8b392",5,26,5,20,20,0.69242016633155
"347","011026476ee2fb0",2,49,0,20,20,0.69210076214537
"348","af8b465410f3294",5,37,3,18,18,0.691793548238278
"349","703edd775d3f3ce",3,32,1,25,25,0.691761989136079
"350","09d31f27523e8f3",19,34,7,49,48,0.691630586642872
"351","af54893f3b8aaab",7,43,5,14,14,0.691145907969323
"352","1fefef7af945a62",15,40,9,20,20,0.691048111609158
"353","d0c3734c6905e19",7,55,2,18,18,0.690485232743725
"354","9a1abf469b52361",10,45,6,11,11,0.690437339419805
"355","8eff5d6b9ff2647",13,37,12,15,16,0.690350886238443
"356","6ae07d672f6c33e",3,20,5,22,22,0.690136635933928
"357","135ceb5b815577a",3,40,0,20,20,0.690000888905789
"358","9f154380f343569",3,48,2,16,16,0.689835650314186
"359","194546a28a2eeaa",3,34,7,16,16,0.68980498609411
"360","5a930c11f3c7acd",6,31,7,16,16,0.689376348570855
"361","235814a746bb61a",5,35,9,15,15,0.689344438327601
"362","ee460c3315064cd",6,33,12,17,17,0.689178538398495
"363","c5794634b01780d",14,52,8,12,12,0.688926244581401
"364","03e0772cb399046",8,34,6,17,17,0.688810960926012
"365","4a24ceae05d63b1",3,35,2,23,23,0.68867654143168
"366","687373da485fb1f",6,43,4,15,15,0.688577616598133
"367","5833e9d9f07e952",15,46,17,20,20,0.688452939659501
"368","5f046f8de418524",6,30,2,24,24,0.688271879688367
"369","94f67230d38d90d",7,30,4,21,21,0.6878733664
"370","7d6ae93ec0091f7",6,24,5,23,24,0.687746553277537
"371","513f15c2df8ce82",0,17,1,38,38,0.687640437477018
"372","642b72b00098efe",4,26,9,35,37,0.687617376505584
"373","148ebd7b299a701",7,27,8,18,18,0.687075767251563
"374","b5c59b8e29553c2",3,37,7,14,14,0.686921314445253
"375","05e3f5ac8e8b814",4,41,4,15,15,0.686866955974691
"376","1e4853906438131",8,62,7,8,8,0.686673659420388
"377","a5582c72b57368d",7,45,6,10,10,0.68621972086748
"378","473d7a9239b68de",3,26,0,36,35,0.685572811408237
"379","e52ae51ce62ea6c",14,47,8,12,12,0.685486357997749
"380","3098aa9636fd860",11,39,8,9,9,0.685287687009202
"381","5118013eb4e265b",6,29,2,23,23,0.684589913261699
"382","3d78199d1ec6cbe",0,17,1,37,37,0.683900234345495
"383","100f0614d1304c0",8,47,2,26,26,0.68385743140817
"384","c429047e2d23d96",2,13,1,34,34,0.683609679643849
"385","2a5860987779593",1,24,4,26,26,0.68360307054648
"386","decf98be0861934",7,49,4,15,15,0.683549017941056
"387","f3be7062ce7e8d8",10,35,12,11,13,0.68349795797518
"388","3955b27d2ce5d82",7,55,5,10,10,0.683259790599003
"389","096f74940b19c36",16,46,6,16,16,0.683159101176033
"390","879be193b655dfb",6,56,6,8,8,0.6824798549379
"391","ee06b1ea5c25247",10,50,6,15,15,0.682478027264817
"392","c42431c13caf592",5,32,5,16,16,0.682474905839817
"393","58378b1c918648e",6,35,3,19,19,0.682103546129054
"394","e79f3bf0757d9a0",5,38,5,12,12,0.682096818065704
"395","c90bc422c033d72",0,37,2,27,27,0.681967758135116
"396","d2ea2a3905e39e9",10,38,7,10,10,0.681884849853309
"397","2ece7be71d8d738",4,25,6,20,20,0.681875157487387
"398","f7170de3dc69013",5,22,3,29,29,0.681231020534831
"399","afab4e8ec99c7f6",8,50,5,15,15,0.681184166223555
"400","11741bf087ce98b",5,43,3,16,15,0.681111944122407
"401","f64d1a42135727b",3,27,1,48,48,0.681091432619053
"402","542e172d5bd9041",6,39,6,10,10,0.680657146028969
"403","9724e08c90df6c8",7,24,3,37,37,0.680434222792512
"404","6f180d15aab3217",5,34,1,21,21,0.680422258709955
"405","077dff0bc6abb01",1,24,6,51,51,0.680407490790254
"406","e898b54c53d8994",23,45,7,32,32,0.680121362558987
"407","443cf2fb82e4f1e",7,32,7,16,16,0.679989398136736
"408","e46aee2acbf7467",10,54,5,11,11,0.679588174368581
"409","23e29b76074830f",9,38,0,35,35,0.679246753389614
"410","6eddf793a1e5b2d",7,31,5,20,21,0.679170448260839
"411","2cc2bc9b8967c8c",9,47,1,22,21,0.678898429950463
"412","238e1e6295f8f30",56,67,36,70,70,0.678159806490032
"413","6d7d36287d98616",7,48,6,9,9,0.677913672919739
"414","0da5f7675d623ff",8,41,5,13,13,0.677489024124511
"415","109da9f2d4629f6",8,68,1,25,25,0.677418163745227
"416","b403c8cb289e063",2,38,0,19,19,0.677148299198461
"417","1e4eff05854fdd4",7,36,6,15,15,0.676699327631877
"418","62ba44ad93d40b9",5,28,3,22,22,0.67649270713331
"419","9b5bc5cfff7beab",7,38,6,11,11,0.676471203332706
"420","2cd311cc3ef2d0c",56,84,51,82,82,0.676256769464544
"421","76ae67580e67c18",3,27,6,17,17,0.676181289185891
"422","f9784d404ddbc14",12,35,11,13,13,0.676139710892929
"423","b21a3655bbf63ac",3,32,2,23,23,0.675602460311646
"424","fa0c9f71eae9b84",3,30,4,16,16,0.675276654532291
"425","1f9239ef2284608",3,31,1,21,21,0.675106990124118
"426","ec85ef81b68db2e",6,28,2,27,27,0.673736062021673
"427","15073749cb087bf",17,37,8,31,31,0.673584868230533
"428","e7c97d17781efd1",2,21,1,25,25,0.673483465109892
"429","fd697dec971d684",11,38,6,13,13,0.673353496474493
"430","c278533e23ea951",2,25,4,23,23,0.673134963623194
"431","cc70775ef36c58b",3,41,1,17,17,0.673093635055723
"432","5a8a18c84d8ad1a",10,52,4,15,15,0.672983124226693
"433","b66b3427b855456",12,42,3,17,17,0.672773033511065
"434","f7fab2676ed112d",7,25,5,22,22,0.672317123205026
"435","0471507a1d1c260",7,38,4,14,14,0.672179383420177
"436","08acbcd6cd902d5",4,28,4,18,18,0.672098293094229
"437","4ec7a3e5fa085aa",5,38,4,12,12,0.672050556990037
"438","baf7675300421a6",1,17,2,35,35,0.671927802597033
"439","22764a54ae93681",6,41,0,19,19,0.671753637648161
"440","6267e5ec1e4cdf9",8,27,8,19,19,0.671690046377277
"441","5b59b5c357f34c6",7,51,2,16,16,0.671184815163086
"442","762d45de7e16480",9,39,9,9,9,0.670194602030882
"443","232e9a0eebe6ec4",3,23,2,25,25,0.669993276523807
"444","393e035c9a2e62d",34,74,34,38,39,0.66949002099251
"445","8a508f15d3ebf10",8,27,7,16,16,0.668887054813569
"446","5709352c2f02c06",3,34,2,19,19,0.668825653298272
"447","bed02eb6bdb1216",6,36,5,11,11,0.668824833864762
"448","56776530d08711e",3,19,3,26,26,0.668652890171328
"449","05ce4adf76d6a96",3,19,4,22,22,0.668629060371952
"450","510ee02bfc31c9a",3,15,4,27,27,0.668255096536502
"451","26de06d00f26c98",3,48,5,7,7,0.668157802688698
"452","f7b1c184b17f68e",0,16,1,36,36,0.667991805342718
"453","98cb9b03a76272c",7,41,6,8,8,0.667412578091603
"454","4c2776987352408",13,36,11,12,12,0.66722510950424
"455","345d49f89f45dce",4,36,7,9,10,0.666936341947871
"456","8569b692ddf0012",8,44,7,8,8,0.666602877750494
"457","567225a8c07cc69",4,36,1,18,18,0.666596335777861
"458","39348f2bcf9b8d6",8,41,7,8,8,0.666325976634002
"459","58337ccf3342779",3,21,2,25,25,0.666276386222611
"460","a8296236afda3d1",5,44,5,8,8,0.666183023403676
"461","4c4d31b38e5674a",4,35,14,22,27,0.665870089225855
"462","8028b98df8067ff",10,38,6,9,9,0.665812443755684
"463","afecda2300abcdb",8,59,5,8,8,0.66562306290511
"464","80426e31dd99687",2,29,1,21,21,0.665580341111836
"465","ee63b7193091d8d",7,35,6,15,15,0.665532509859115
"466","c8b67a677eb1f29",0,10,1,39,39,0.665469045105423
"467","b38108e08888074",8,43,6,9,9,0.665438928937153
"468","97625a4f4ac339a",7,28,5,16,16,0.665029779905722
"469","5033215aad31491",4,32,4,16,16,0.664565455064019
"470","6e26154d3d7e74a",5,38,6,8,8,0.664393337914113
"471","1e8b82b245de36e",7,26,4,20,20,0.66412556445338
"472","4dfb365d34388ed",4,33,5,13,13,0.664032608775241
"473","68dc94c7ddc0c43",3,26,3,22,22,0.664019786171833
"474","39742e9ca3508c9",6,25,4,18,18,0.663983144481996
"475","52e4b86659c5f81",3,29,2,21,21,0.663916201853984
"476","a61ebb052f3331c",43,67,19,52,52,0.66389815457955
"477","1c6c1aa5362b94f",7,27,4,19,19,0.663722626809845
"478","38266ed62de1193",30,45,7,42,41,0.663386551858391
"479","cae22dcbe917362",1,14,2,35,35,0.663024380701482
"480","69b4d5cb2ced45b",33,52,5,40,40,0.662711170467456
"481","173606f720e764f",2,15,1,32,32,0.662638360437243
"482","4c87cff59e96b27",9,40,2,19,19,0.662246113715017
"483","ad1899dc6f81521",3,25,4,21,22,0.662079956151513
"484","b0ff2cc24b1bafa",5,25,2,24,24,0.661848113079225
"485","ebc851d4f52df3c",9,53,4,10,10,0.661619262444224
"486","a2e17eb631268fa",6,22,2,29,29,0.661515637048459
"487","b483c106dffef12",7,28,4,17,17,0.661124924384336
"488","36fdb423bf10239",4,30,2,19,19,0.661082157124638
"489","1a9e37ae2295057",10,37,6,10,10,0.660974320244501
"490","3e6a30533516a3c",0,21,2,33,33,0.660929797788921
"491","0c8076de3d29427",7,52,6,7,7,0.660889107766936
"492","26a4dff161c341c",16,51,10,14,14,0.660731869948536
"493","22d2bc263778c5d",7,26,5,17,17,0.660658042584587
"494","22390a057b46870",5,27,6,14,14,0.660294599657854
"495","6e0a5316e4152ea",6,32,2,19,19,0.660248082169167
"496","0e2cc04fb4381e5",2,25,3,26,26,0.660048396680572
"497","b30609917181b7d",5,21,3,26,26,0.659976189748712
"498","0ff752a721b797c",7,42,7,7,7,0.659897231252052
"499","75a3bbcdd81cc7d",6,45,7,7,7,0.659153939750785
"500","30508ea3aa4509f",2,18,1,22,22,0.659127837030483
"501","971627585645731",21,27,12,29,29,0.659123133677684
"502","ee4baf334314440",2,28,1,22,22,0.659018387017397
"503","340c40a1b6bb2be",6,45,3,14,14,0.658961130165618
"504","2ac0e4e900a0f37",8,34,8,9,9,0.658929128821004
"505","1c44588d1a45f28",9,30,7,13,14,0.658575607363827
"506","66d8aa52d4a198d",5,20,3,26,26,0.658399360187366
"507","1754010c48b5a5e",7,37,5,12,12,0.658227500640132
"508","20764a62baca5b0",7,53,3,11,11,0.658049837211923
"509","314c0199fbb9225",3,33,3,17,17,0.657584264957979
"510","1137a7de4a56a09",19,60,52,29,55,0.657106493464473
"511","0a24f7fc29b3a76",2,12,1,28,28,0.656895129032954
"512","12be9cce069ce3a",4,36,4,10,10,0.656441952801702
"513","43feb3ed8c06ae1",4,36,4,10,10,0.656441952801702
"514","14059a7d5650b84",14,38,5,15,15,0.656415412629135
"515","d379660be5b3826",6,59,2,14,14,0.656225689000272
"516","3b9bc48bd4bfb35",8,37,3,17,17,0.65602839453821
"517","ed7fc3d5b23099e",7,48,5,8,8,0.655709132962424
"518","abd9318c0c0f873",8,37,8,9,10,0.655533159914047
"519","523455165c2eacb",3,69,2,8,8,0.655310927276397
"520","004d19233e453e1",2,19,0,27,27,0.655298702265703
"521","748e825930de716",5,18,1,30,30,0.654717106359262
"522","b23ece3cbc86e4a",6,41,4,9,9,0.654687732794855
"523","b39aac791ae4cfb",13,36,6,13,13,0.654342953954855
"524","749eb3381a5c185",2,34,4,13,13,0.654154188385684
"525","d439f698a319c1e",7,42,4,11,12,0.653736420839655
"526","3c8a1de888e8e80",2,13,2,36,36,0.653603365284058
"527","dd15bec87f33d58",6,22,5,17,17,0.653567390604669
"528","17017893de8e03f",5,22,7,14,15,0.653224278143411
"529","ec0829dfbc5c635",2,23,1,22,22,0.652968957071568
"530","f5c12b668e703db",5,30,3,16,16,0.652911124932199
"531","4b39b3fedc98f81",8,39,4,12,12,0.652519238201067
"532","98c733f83f6c157",23,50,3,36,36,0.65234574835133
"533","c1e17a92f64c04b",3,29,4,11,11,0.652334677614694
"534","869e7788f5a8262",6,30,7,10,10,0.652211093365476
"535","4b1335cc3d1ecc8",1,12,1,41,41,0.652023932890076
"536","27655833155a802",7,50,4,8,8,0.651993224825141
"537","34315fa70908092",6,37,2,16,16,0.651987553102309
"538","d980f2106767ba3",4,26,1,27,28,0.651987115250746
"539","3cdccec38d86b9c",6,27,6,15,15,0.651857001054539
"540","46aaeb22545534d",7,36,4,14,15,0.65160921857111
"541","e16fa0c138c30a4",6,36,6,8,8,0.651605635602507
"542","766ba2a46e98f0a",5,24,4,17,17,0.6515286801993
"543","8205085c5d6ae75",6,33,3,16,16,0.651267908227887
"544","8f1078510ea9b7a",8,53,3,12,12,0.651083280217721
"545","6a302887b84fd56",14,50,6,10,10,0.651002935246022
"546","8afb1eec4fa4fff",7,35,6,9,9,0.650969636648899
"547","d9d1306943bdeeb",4,19,5,17,17,0.650861487777921
"548","71f53fcd6dd0990",5,23,3,20,20,0.650559589534475
"549","0b9822c75f64f03",9,39,6,8,8,0.650368665478314
"550","6869f2b1264da61",3,22,2,23,23,0.649927759128941
"551","c90117d09fb6eca",4,23,5,12,12,0.649736316408595
"552","03542829af31e56",7,44,3,15,15,0.649709081569543
"553","21aa0f95aa64c64",9,43,6,7,7,0.649202115344606
"554","5b4eb1a2bbedff6",4,29,2,18,18,0.649175809328551
"555","06a2f93b062feff",2,23,1,21,21,0.649056876165171
"556","2205fd654a201f9",9,26,7,44,44,0.648803211543126
"557","c56475112ef094b",12,32,8,24,24,0.648706078607415
"558","5f79f5c835907c9",8,31,8,10,10,0.648231603048284
"559","29e6f0a31364064",1,20,1,30,30,0.647910254472266
"560","df9abab19f9d30a",5,39,5,8,8,0.647882877889243
"561","14a2d430a6af884",9,33,5,14,14,0.647771361353392
"562","66f051755f523a6",6,22,1,28,28,0.647634023378403
"563","adf499a0b64c1bd",12,37,3,17,17,0.647625848690816
"564","f3d680651b16924",8,56,1,17,17,0.647589784408279
"565","6bba4868291b137",3,46,3,8,8,0.647567301956496
"566","058cc0c125384eb",6,62,4,7,7,0.647413454881193
"567","5cf2ca48daef5b7",1,28,1,24,24,0.646762587471492
"568","05035657c6ef4ef",3,44,2,11,11,0.646729967922556
"569","e4ae47e82512527",8,34,7,10,10,0.646608206083513
"570","ac8833896da3eff",4,18,3,23,23,0.646425754138657
"571","d5c4100777a7cf2",4,35,4,10,10,0.646118523937008
"572","9aaff34576a9e6f",0,21,3,22,22,0.645783680851326
"573","7bb9819295dd63c",7,27,3,19,19,0.645409640308414
"574","18eda08c54a7546",11,66,3,10,10,0.645394334059771
"575","2d5890be3baff6f",4,22,2,24,24,0.645291537165398
"576","01ec3a9cd397183",2,18,1,20,21,0.645278549246057
"577","9bbb31a7dc0713b",2,26,3,22,22,0.644967790611933
"578","be1ba30a59628b4",11,32,3,19,19,0.644741381999315
"579","2a7eb98657f016f",6,35,2,17,18,0.644618987897419
"580","d33f7075f69d02d",3,17,2,23,23,0.64454323221902
"581","a2670205f95b598",3,35,3,11,11,0.644347048126687
"582","c230dee76244bf9",6,32,7,9,9,0.644148712672393
"583","b0fffd64ca0e98f",7,35,4,12,12,0.643866613955896
"584","8bf217829ed590a",13,29,11,20,20,0.643828448557766
"585","e942b001f71b6f4",2,25,4,18,18,0.643599955168333
"586","6917999f7ee5363",5,36,3,12,12,0.643560500039758
"587","aecee1e39169b5c",3,23,4,14,14,0.643474185478571
"588","5f2791ad98719bd",8,25,7,16,16,0.643237192759809
"589","ac52ebc4ea501e4",11,34,7,10,11,0.642899141170659
"590","7550d600ba6775e",1,10,0,39,39,0.642525824327692
"591","65f4fbd3e486adb",7,43,4,8,8,0.642509598531562
"592","3424b6b15629e12",2,16,4,20,20,0.642323744986233
"593","128b9446de54991",9,32,7,9,9,0.642192203535856
"594","a03f975dbba0844",0,44,0,40,40,0.642137128420243
"595","dff24140bd36604",2,27,2,23,23,0.641956334389174
"596","cb0d8eca4285403",8,35,10,9,9,0.641714577724864
"597","eea022d30d8290b",12,34,10,13,13,0.641698120619442
"598","50c853d3208f75a",4,25,1,20,20,0.64154118285895
"599","e0e4c61f66e01fd",6,38,3,13,13,0.641526096283542
"600","3358597d42cd75c",21,43,7,22,23,0.641525611908431
"601","b712b47dee0f7a4",2,22,0,19,19,0.641371322381372
"602","3350f86002a7ddd",23,49,5,28,28,0.641178659923849
"603","bb0e22a802005f1",4,32,4,12,12,0.641003548300533
"604","3eb855d8992ab8b",2,13,3,30,30,0.640951819785283
"605","08eb088a73b5cd1",6,42,3,10,10,0.640568527064918
"606","c26f7646c830408",3,34,3,12,12,0.640038888519279
"607","3a7cb8b4cc057c7",9,33,2,18,18,0.63995771459885
"608","1d43d1b5729b249",7,42,2,14,14,0.639939856427156
"609","6f01f7acf056fda",2,14,1,21,21,0.639849831789286
"610","dc5c7b02c365065",0,15,2,33,33,0.639758599317185
"611","037658ad5ed42b5",31,62,5,33,33,0.639219244800253
"612","6b0fcbc6b22c3d7",4,37,3,12,12,0.63907612152476
"613","f1fa81fcf46d71e",3,25,4,12,12,0.639033210514996
"614","b9a5a7ff5c8f205",0,16,2,24,24,0.639016639153637
"615","19e3d6b64ff6f4b",6,29,14,16,17,0.638916028219539
"616","ffc8f3cff67b394",4,38,4,8,8,0.638859879258145
"617","fc46f295cac6b58",5,37,4,8,7,0.638573703076465
"618","1bc6830066d4bbc",25,29,5,28,28,0.638532119411171
"619","c7bf9da20d0d3ce",2,30,4,11,11,0.638369767008148
"620","64f4d510c56ac25",6,25,1,20,20,0.638324665265817
"621","5e4b0d8815d95a9",6,22,5,14,14,0.638080589021773
"622","9cf55acb8fc8381",6,33,4,11,11,0.638057821362289
"623","22052df3ae5f8ae",3,15,5,43,43,0.637733888448117
"624","b98a00b63172260",11,41,1,18,18,0.637248633451862
"625","1b3298e8d420783",8,42,3,15,15,0.637236673996911
"626","2a645b8895c6dba",5,44,2,13,13,0.637220452318197
"627","94ed6705c838023",1,40,0,19,19,0.637179662422145
"628","782424d605a3aaa",18,41,9,18,18,0.637072164147234
"629","2a9511bd8557e67",1,17,1,28,28,0.637034252594716
"630","f23c18308015dd8",2,27,6,13,14,0.636834573285299
"631","10f4ea8c0c183e0",4,24,4,14,14,0.636799703266779
"632","c74e55048612536",7,38,7,7,7,0.636715462559557
"633","957e7db72f997bd",4,43,4,7,7,0.636282145694635
"634","74040b8e2c86bba",1,18,1,23,23,0.636168806217441
"635","dc1a8a670ab0b1f",8,24,3,26,26,0.635996356158488
"636","76f8d9559bae5e3",11,33,10,11,11,0.635736659707498
"637","5d84815bb19bb14",9,31,1,26,26,0.635688895285628
"638","31dea372d786a67",3,28,1,18,18,0.635373102473437
"639","e426bc236b3d55e",6,33,7,8,8,0.635217879238438
"640","f231b79036ddb9c",2,22,2,23,23,0.635068934310487
"641","5f403367e9e89cb",9,28,8,9,9,0.635056485557485
"642","ee18c45a2ef51ea",3,36,2,15,15,0.634993449523107
"643","845243852c1ef8b",5,50,5,6,6,0.634846039255748
"644","07305428c24992d",8,31,7,10,10,0.634741989484377
"645","cd5f9572f8ca836",2,15,3,26,26,0.634434788844046
"646","52697ce01fe4f0c",1,20,2,23,23,0.634430869080649
"647","0a6d47dd79d31f6",30,56,7,37,37,0.634411090636114
"648","1fc4e7254ef1be2",10,30,5,11,11,0.634293892162298
"649","0eb8301ae9c3ef6",6,58,2,10,10,0.633978458543853
"650","9de14fcf13e0f10",20,57,3,18,18,0.633703694416909
"651","4d9d1cf9f9aa799",2,26,3,19,19,0.633415390063352
"652","1e52eb060d50a22",5,22,1,21,21,0.633396698829188
"653","37f2d21027e3fe1",2,15,4,21,21,0.633273356057035
"654","f9049ce0b2b68d9",7,43,5,7,7,0.63317591394651
"655","2e4debfca69582c",0,14,4,20,20,0.632894330965226
"656","8d2d316bd0be0d6",1,25,8,17,17,0.632772505230551
"657","b9a28b3bcdcbb58",28,46,10,29,29,0.632760618995017
"658","e451a0430ec9ef8",4,31,5,9,9,0.632224755156873
"659","9fae0bd08fab650",0,21,1,21,21,0.631943536242466
"660","5e0e04c8397aa2d",6,59,0,16,16,0.631672961715208
"661","101497b8cfd7a29",2,15,0,22,21,0.6314724688233
"662","c62095f41f8c9cf",56,88,39,68,68,0.631366666510438
"663","b74a305b9114b34",4,25,2,19,19,0.631260870872958
"664","aeb203072c9ee65",5,24,2,19,19,0.631118886243179
"665","6c510e7b85229a8",7,26,3,17,17,0.631031282249504
"666","fc153c08e23f03d",8,30,10,10,10,0.630915315622391
"667","67bdfc7b8f94b97",8,49,5,7,7,0.630559832774191
"668","e424887287fd4c1",28,32,8,45,45,0.630500097427031
"669","c2b8fffab004f00",4,16,6,42,42,0.630371389850669
"670","d79bd58f7875bf7",5,43,4,7,7,0.629908683216772
"671","91420674246ab12",7,35,3,15,15,0.629636701285914
"672","73bb368364f9087",5,34,3,13,13,0.629337374853945
"673","d5e1b65cbf1390a",1,19,3,19,19,0.629299361906401
"674","2e9a8196d91c18e",3,61,5,4,5,0.629272367899224
"675","6f9a6880e3ee11f",3,13,0,23,23,0.62911573900603
"676","bb337335608c03a",10,28,6,12,12,0.628826124731569
"677","a45bbdd46cd40a3",8,35,6,8,8,0.628546597999176
"678","c3117f16347a709",0,18,0,40,40,0.627663190333985
"679","64fa0c896d03d6d",9,38,4,10,10,0.627517537370005
"680","56a4f6588589ee4",5,31,3,14,14,0.627459051507777
"681","c16d1069a06c281",3,35,5,7,7,0.627325212878983
"682","bd4e17a5a2ddf67",10,51,3,11,11,0.627084336486618
"683","45bba4e8ce784e7",4,18,3,57,57,0.627017585049152
"684","238b0ee50a63711",8,43,3,11,11,0.626838848866144
"685","9ddfd82dddfa557",6,42,4,7,7,0.626836043804004
"686","668e63e1240f54f",15,34,12,14,14,0.626750950595242
"687","a456702de7fee58",6,40,6,6,6,0.626699257694528
"688","4b1e7c551b896d9",5,32,0,18,18,0.626334819967074
"689","3cd43fb655d6c13",9,29,4,13,13,0.626115613039062
"690","2060c127ab3a9d9",7,30,5,10,10,0.626040541032279
"691","7431a694ecf81a3",7,30,5,10,10,0.626040541032279
"692","1b952f4718a9af7",5,25,2,17,17,0.626000469726399
"693","4d6820cb6922e13",8,29,6,9,9,0.625756273506948
"694","26ef8c20f1cd6ba",5,22,5,10,10,0.62565133856017
"695","52f136f33be93a7",5,20,4,15,15,0.625498509027425
"696","66141665c33eef2",2,19,5,10,10,0.625434187417106
"697","9499ad02cd3b127",8,27,7,9,9,0.625251391903371
"698","634eb8e4be615c8",1,45,2,14,14,0.625070332782551
"699","7697ddd73dcdd0e",7,30,3,14,14,0.624550689720707
"700","6e05390f0766b51",5,22,8,10,10,0.624508702739591
"701","6ef0f15922eb694",6,23,4,13,13,0.624432290398983
"702","0ac295a89081f07",19,60,3,21,22,0.624394805281807
"703","2d13d4cb9d7e029",5,23,4,11,11,0.624056666261508
"704","ae5c45ae5f2f66b",50,75,24,57,58,0.623812957505583
"705","346f6a1b647d09d",5,32,6,8,8,0.623697673901676
"706","d498b134751a8e0",6,58,3,7,7,0.62359661625497
"707","0252350370588e6",6,27,2,16,16,0.623502790812813
"708","5f36309ed8b0b44",1,16,4,21,23,0.623366142650625
"709","a3d4706e612390a",8,53,2,11,11,0.623214764408654
"710","cfee2b1b87f1c0c",2,16,5,15,15,0.623056536855424
"711","d19e290db4ecc9d",2,43,3,8,8,0.623045582351886
"712","3e31674acc50d7b",4,10,5,61,61,0.62244877033358
"713","c92f9def40a168a",4,29,3,11,11,0.622393951373238
"714","6f23e3fe6529cf0",6,35,1,16,16,0.622362332204262
"715","22cc6ae986e73cc",7,26,7,9,9,0.622181650711227
"716","86d684195c9b775",6,20,4,21,22,0.622062411026059
"717","ca92f5a30ee0a67",5,29,6,8,8,0.621701598785339
"718","f2eb452456c1f31",3,28,3,15,15,0.62122949958381
"719","e787c9dcaef279e",11,29,8,21,21,0.621140176912829
"720","e59a244c1392c1b",5,50,1,14,14,0.6210387861982
"721","992a884d828e7b2",3,27,7,9,9,0.620981163757356
"722","d2f65d2eb47a324",2,11,1,21,21,0.62077722318797
"723","f11031d7903c1ce",5,28,3,15,15,0.620454184008336
"724","2f6af269094a44c",15,26,9,32,32,0.620252286822695
"725","2a26f6473ed3208",2,28,1,16,16,0.619891501614305
"726","452ed322e0c66ca",5,33,4,9,9,0.619721102991012
"727","b34c14ca698ebae",3,34,2,11,11,0.619675023851915
"728","7f000afd3242a70",28,33,7,31,31,0.619640606767263
"729","139a54f447fe566",3,14,3,22,23,0.619230120588014
"730","58438f2daad2dcf",2,33,0,16,16,0.619204734292811
"731","c6f3e7eea458103",3,18,9,24,26,0.618888724559093
"732","055fef3a6c54afe",2,16,5,16,17,0.618812975532041
"733","85d436fa010bfad",5,19,7,15,15,0.618557152171916
"734","91524cb7606b027",7,43,5,6,6,0.618300550753801
"735","76f6c9594729242",6,29,4,10,10,0.617965906399548
"736","1997b0cc873a42b",2,14,2,22,22,0.617846522425435
"737","c3124e13e10252c",2,35,2,13,13,0.617706391174629
"738","11ce77f96d88f16",3,24,3,14,14,0.617460132855676
"739","118ce9bab0892c8",1,32,1,18,18,0.617431860003422
"740","8c871624b372b72",3,41,5,4,5,0.617323813166086
"741","4ad1d079ec3dffe",1,22,1,20,20,0.617045096403374
"742","f8ba1483b07c801",8,24,6,13,13,0.616884508515925
"743","290211d5bdca576",16,36,6,17,17,0.616801350460419
"744","db48e99ef0720d7",12,25,6,52,52,0.616525681081948
"745","ced4099821a8928",0,11,0,32,32,0.616205124713428
"746","d1ee16950f9e6a0",7,28,8,10,10,0.616090175698915
"747","51cdb9bf522d286",4,39,3,8,8,0.616023497788011
"748","0c569fdf4d01f67",7,18,4,37,37,0.615820101902714
"749","9912c3887ccfc58",5,26,3,15,15,0.615549094256993
"750","0d52f1b606e3508",3,29,3,10,10,0.615316168901882
"751","c5c50f15d0c4cc2",3,33,2,12,12,0.615229416498953
"752","96f8eb316095612",6,33,6,8,9,0.614828152027479
"753","30e251144cf11ac",4,30,5,8,8,0.614526068057076
"754","e71bde94783fb49",8,41,2,15,15,0.614226955708287
"755","308e3ea720562a6",4,27,3,14,14,0.613981785192199
"756","f2ac2d8357ba1d5",8,51,3,8,8,0.613875291862331
"757","22ff41641b32c2a",3,52,1,9,9,0.613738726133919
"758","4b0292075124832",14,37,13,14,14,0.613715156761996
"759","98f19d86a6dcc2b",5,43,4,6,6,0.613565626425383
"760","152561d550c1bcc",0,14,2,22,22,0.613522587360416
"761","def7d3044ba9099",8,30,4,11,11,0.613382558306194
"762","33218f6eb6fa3d4",6,17,6,32,32,0.613340735137395
"763","f113702006ed7f2",8,26,4,15,15,0.613331709044751
"764","953e103575de443",3,16,0,20,20,0.612826914527898
"765","1073c0873b6e5c9",6,19,5,19,19,0.612414969787334
"766","46fc425a34b95c5",1,15,5,12,12,0.612035224756789
"767","1900eb196bcdbcc",7,22,5,13,13,0.611378462125593
"768","7b997272bef01ec",4,19,3,17,17,0.611299748814142
"769","d70d109dc73f8f5",2,29,1,14,14,0.611197470131388
"770","92dd15ddad9c6e5",3,13,3,48,48,0.61046537320243
"771","56b3047ac56d74e",4,40,0,16,16,0.61044209418426
"772","0aaaa06ec3c3c9e",4,50,1,11,11,0.610392604140225
"773","9df866a948ed2bd",3,41,3,6,6,0.610376196192991
"774","bd1197cd469facf",0,19,0,20,20,0.610262802882869
"775","412daeec08cc20d",12,39,3,11,11,0.610203071280493
"776","2b74a56712428a3",6,51,2,8,8,0.610115495862908
"777","91da3dfdafaf713",9,27,5,13,14,0.610078228545157
"778","bfe33785c8c7d20",6,42,3,9,10,0.610062063014488
"779","31c15fe5e9672ee",6,23,0,25,25,0.610037329005483
"780","7e9d24658bf001f",3,29,4,8,8,0.609928254973498
"781","48c2ac2e3dfc130",2,11,0,21,21,0.609758525787004
"782","8aaaf60efa16860",4,16,4,15,15,0.60970868871458
"783","22be4e13211e53c",2,34,2,11,11,0.609642641871008
"784","552df359f5d8fdd",6,24,2,16,16,0.609634546156596
"785","a1374b286819e58",3,26,8,9,10,0.609534528969302
"786","8ab4bd18a3a37e8",5,19,4,11,11,0.60927702466657
"787","4140588c0bf19c8",7,27,5,10,10,0.609039766327264
"788","f21c34408a6576f",2,28,0,16,16,0.608855703387405
"789","634fa3ac423ce0b",1,30,1,17,17,0.608695953851205
"790","498f82fcb742bef",3,39,1,11,11,0.608686033772439
"791","4ed089e310e683a",54,89,19,79,79,0.608678749840546
"792","805cf49f04a08e9",1,23,0,25,25,0.608365624853956
"793","d114ceb1421ecae",5,22,10,30,31,0.608360258878336
"794","c01ad4042d7fe6d",9,35,3,15,15,0.608311618955623
"795","47b02c88a3d3100",4,46,1,13,13,0.608225418308545
"796","6d0f80be21f4166",5,33,6,7,7,0.608129903141857
"797","639a4427bc8d1c9",8,35,4,9,9,0.608019926515139
"798","cddfaab747cedcc",8,43,5,6,6,0.6079993767367
"799","391ad42a0d5a3bf",3,21,3,12,12,0.607916362389987
"800","896139c2d8e67ff",4,18,3,16,16,0.607911949232601
"801","194dae5c425f6c2",2,27,1,13,13,0.607810437613315
"802","bc021e5f5a0999c",3,13,4,13,13,0.607509937748307
"803","ff10c792338b900",4,17,7,14,14,0.607277094510751
"804","e95045008d5df93",2,35,1,13,13,0.607173457005282
"805","3922de728af342e",4,24,0,21,21,0.606933662571398
"806","6f1853970cc7eed",5,36,7,7,7,0.606801636097645
"807","78e24063e103a32",0,19,0,27,27,0.606749263718634
"808","d87a8a7eec33a59",6,22,1,18,18,0.606737727973571
"809","55add54c5bfc4ef",4,20,3,13,13,0.606720067138291
"810","09255446aede6fc",55,58,47,45,45,0.606690779811362
"811","fd2e098047aa24e",6,24,7,9,9,0.606045201485601
"812","f01ba53077d60d1",4,26,3,11,11,0.605929305507666
"813","031762201289475",6,23,3,15,15,0.605900676107457
"814","b5ab14471c82a2e",4,45,4,4,4,0.605742417288732
"815","f654cc84b121553",6,37,3,9,9,0.605529143476721
"816","334d5e821fa0ff2",9,43,2,14,14,0.605421256695843
"817","93a1f5d2bed163c",4,31,1,16,16,0.60514856652365
"818","ba30f25e8d43d86",2,25,0,17,17,0.604762596158593
"819","0b73eda32151281",9,34,5,8,8,0.604689334855447
"820","b13a2d73c31d394",8,27,7,8,8,0.604643779153951
"821","40da4ba0dbb3fa7",3,20,3,15,15,0.604148226551814
"822","4a7d733e3c82812",2,22,0,17,17,0.603962898339069
"823","5efc63fec30a6d9",4,16,4,11,11,0.60376708099941
"824","c23d349170503fd",1,18,4,14,14,0.603683309414758
"825","0663c8ba6619158",5,24,3,11,11,0.603392433438191
"826","090c0a47c6d7bac",2,25,3,13,13,0.603237923985534
"827","5c8a58525235e38",6,26,3,11,10,0.60321211136149
"828","16d94831e49e104",9,42,2,11,11,0.602741912391774
"829","e5932ae4bd18574",10,31,3,14,14,0.602715667502392
"830","df8d4fec204c61d",0,8,1,24,24,0.602510143841535
"831","79244224e7f8777",4,30,2,11,11,0.602466498689103
"832","12c0206d493c8c8",7,17,4,32,32,0.602393174091069
"833","76ef6a7c94c83e1",2,27,1,11,11,0.602385405839417
"834","25e4da90c4279b2",8,23,3,17,17,0.602385172817254
"835","8c60944cc941a36",1,25,1,18,18,0.602256117120957
"836","7075bbdbc3658f6",24,33,3,31,31,0.601645250031744
"837","07c8f0ebc86ccfd",4,21,3,12,12,0.601604883315494
"838","c79fc38ee49ee56",11,35,3,15,15,0.6015260801662
"839","cacdee9d9d7e8af",2,20,2,14,14,0.60149294057992
"840","b9e2c8cc241fc2d",7,22,4,12,12,0.601489679105753
"841","13b32dd29003692",5,32,3,10,10,0.60142467214547
"842","f861264def875ac",5,36,4,7,7,0.601392996040889
"843","0dedb7bfe7e2c52",8,27,5,10,10,0.601282307807012
"844","f77ce8839428310",2,47,1,9,9,0.601180602775623
"845","0a6268d92508c12",10,20,9,30,30,0.601121699329135
"846","d50b29759951e0d",10,32,7,7,7,0.601055462919384
"847","6909967d108f1c9",2,21,3,13,13,0.600911014293796
"848","e0339f99bd53077",7,32,3,11,11,0.600844326380032
"849","794a29aa3029fe0",5,37,2,10,10,0.600322635981613
"850","d7e826f10e2ba49",5,18,3,15,15,0.600290894800581
"851","c0381d604447c56",6,37,0,16,16,0.600124199494537
"852","1fab04b968d1e9b",2,27,2,13,13,0.600116861655171
"853","89f8e8e81f5a631",3,43,3,5,5,0.600088757822298
"854","ff6b2aa6e2221ec",4,39,2,9,9,0.59972957615927
"855","40080c7c45d13aa",2,26,3,12,12,0.599647638290511
"856","87023b7a3846e1b",0,7,0,29,29,0.599519106730256
"857","90c225315b7b338",4,21,5,8,8,0.59941828684017
"858","919505745bc1c28",4,21,5,8,8,0.59941828684017
"859","740a0e039767e0b",14,24,4,28,28,0.599342782207136
"860","000bc6834332f42",6,25,4,10,10,0.599322581930597
"861","1da658c380aed4f",5,34,3,9,9,0.599267702078308
"862","20bccee0a461856",2,22,3,15,15,0.598706068308971
"863","5158598e2eb5389",1,22,0,26,26,0.59849276296432
"864","b374e98a9edfb6a",14,31,5,22,22,0.598413589119771
"865","ce0ce9e2e931c36",4,29,4,8,8,0.598229611492027
"866","4037e60754e3d95",8,25,6,9,9,0.597739040611195
"867","e78268e3ce3e13c",4,40,4,5,5,0.597707408449384
"868","8397076a89ee492",3,23,2,15,15,0.597566768862775
"869","c540cc3decaf61e",3,26,2,13,13,0.597544089585821
"870","a2e16fe934b2ae7",2,21,3,11,11,0.597267540522889
"871","66588fd06a24c1c",3,25,2,12,12,0.597003765349727
"872","05cde7de2f593f3",3,22,1,16,16,0.596984627133928
"873","11f5977c523731c",10,25,9,21,21,0.596852628797426
"874","0131d0d21161e6f",7,24,5,9,9,0.596779326070172
"875","32a30363091b144",7,24,5,9,9,0.596779326070172
"876","a9ec567702475b3",0,14,1,19,19,0.59654707278542
"877","332de9d6a434541",4,19,3,13,13,0.596525449862508
"878","8b30b6bb501219b",1,30,1,16,16,0.596511055265939
"879","0a0269eeeec61a2",0,7,1,23,23,0.596477867785652
"880","da7332d584c3426",1,16,1,19,19,0.59625784264886
"881","b0d5ce0d65692fd",4,33,0,17,17,0.59597606839245
"882","7444d9c97a81e04",4,40,1,13,13,0.595938337475167
"883","40051bacc581342",13,32,4,15,15,0.595699268376351
"884","7db4fcc9eaaa649",2,15,2,18,18,0.595674848981552
"885","933aff8207bc085",2,22,1,12,12,0.595586983055176
"886","b31457d59a0d8a1",4,23,3,10,10,0.59556446533312
"887","d40affb261ef0e3",3,14,7,21,22,0.595501293565597
"888","a60e91d8c1515f1",6,31,2,12,12,0.595345006550096
"889","702c0670d960390",3,15,3,15,15,0.595278346487046
"890","52e876aa200c0a4",5,19,3,12,12,0.594961458110397
"891","19f0b0a3835ff8e",13,29,5,18,18,0.594905749829543
"892","ec3e07e9e786098",2,32,2,12,12,0.594877750855805
"893","f1d85d59a63f0d8",0,8,0,27,27,0.594817116525427
"894","c9809a19cf54e66",2,20,5,9,10,0.594520709136248
"895","5bab0045503c61d",8,30,3,11,11,0.594444724170073
"896","93d5945fb74ba5d",0,10,0,20,20,0.594436922366346
"897","1429e23e247b947",2,31,1,12,12,0.594332290528316
"898","9f6afcfb06a451b",7,40,2,9,9,0.593892688466735
"899","5ff391105e95cdd",0,9,0,24,24,0.59382781494108
"900","2c5cd64d118898b",5,41,4,4,4,0.593756517990548
"901","72f3fd98b1fe180",8,29,3,11,11,0.59371135113197
"902","6523d08116f9f7e",4,21,4,9,9,0.593507476794238
"903","7d1fb539191d338",5,40,1,11,11,0.593372986460908
"904","01c4a6b34698e82",2,18,3,11,11,0.593081426459148
"905","28fa5530f480852",7,37,2,10,10,0.593004884917759
"906","65eaf6cdd502e24",16,31,10,20,20,0.592814186931076
"907","50629da6f391443",2,19,3,15,15,0.592772208736981
"908","1fe85e32715e06f",8,28,3,14,14,0.592749127781323
"909","ead237b016d304b",3,25,5,7,7,0.592652101790564
"910","499a7fa259d870c",1,24,0,22,22,0.592647379245
"911","58afe3321046b32",4,8,3,36,36,0.592547355640815
"912","040e6bdbbee9dc7",2,30,2,10,10,0.592437161067488
"913","5e9aa5e78a47891",3,12,2,23,23,0.592370537803061
"914","a4801e2e25a4fd8",2,11,2,26,26,0.592002191928906
"915","7f1e39bf069b5dd",8,29,5,8,8,0.591803675822643
"916","52464a6452e3878",9,40,2,11,11,0.591585640748266
"917","61d332a161f1538",1,10,2,40,40,0.59152721535268
"918","92fe5372ae359bc",2,47,1,8,8,0.591492630643523
"919","bc8a2bb588a5e2c",3,23,5,7,7,0.591414527694965
"920","5d17eb80e4f5b33",2,17,2,15,15,0.591191608906814
"921","0a0a742d0453a68",7,39,2,9,9,0.591000771194282
"922","26ee3967de49952",3,23,6,8,8,0.590930215672967
"923","b46ca764d4e7665",5,16,3,18,18,0.59076480460488
"924","6a2a55cd2ffca6a",6,11,4,25,25,0.59056708800144
"925","1d4f715f9117ad4",4,48,1,10,10,0.590547654833892
"926","6c36d433c89a182",4,20,3,10,10,0.590394045330427
"927","b4fc46d06c1c0cc",4,20,3,10,10,0.590394045330427
"928","b02c046ca064589",6,39,4,6,6,0.590185593055276
"929","c553affb2a3d634",5,25,5,8,8,0.590055890414912
"930","6bcdfa67b2e336e",5,37,5,4,4,0.58993964517406
"931","ca167e3de2804a0",1,11,2,26,26,0.589614188121893
"932","2cf6690c0592998",5,19,3,11,11,0.589578464463423
"933","107684b23a26cf7",6,37,5,5,5,0.58950069515441
"934","4ce7dce5c9d7097",1,19,0,22,22,0.589488376891582
"935","dba395c39f1f8ff",5,26,2,13,13,0.589419687304337
"936","7af010c780e1c45",3,29,1,13,13,0.589380120080146
"937","a900bb2bface115",3,29,1,13,13,0.589380120080146
"938","db8a224ade72a6f",2,29,0,11,11,0.589188634190878
"939","eef082c97808e80",2,17,1,13,13,0.58909064236047
"940","c3a827004add6a0",7,25,4,10,10,0.588938861538694
"941","48d3e6b7c57e838",4,16,5,9,9,0.588818418902245
"942","d2dc458e50ade7b",2,19,2,12,12,0.588721601131447
"943","03b14ea1ae2f3f2",5,33,2,10,10,0.588675358865969
"944","36b15ec8914d46c",5,24,3,10,10,0.588664972090944
"945","c383d0855a3308e",3,23,4,9,10,0.588470764106958
"946","3d287cc299bce21",9,23,8,12,12,0.588337293716665
"947","3633c973b289202",8,32,5,8,8,0.588197983126973
"948","80cf0bd681271a3",4,33,2,10,10,0.588137655166488
"949","bc419fc302516c6",4,14,3,19,19,0.587560478613583
"950","75d6489323c39ca",4,20,2,12,12,0.587488793611565
"951","5c39ca461efd385",35,46,4,35,35,0.587330333289959
"952","07599011f5f3c74",8,9,9,37,37,0.586994667551712
"953","8f91c61e4aaf7d6",7,31,6,7,7,0.586990066877714
"954","67fdb0efc7a0fea",2,13,1,14,14,0.586977744396083
"955","5585ec55af54e52",1,42,1,11,11,0.586883806127666
"956","2f6774983871691",3,28,1,15,15,0.586786855419337
"957","208b535ca322e5f",2,13,1,15,15,0.586645828633425
"958","e2b1547ca191f58",2,13,1,15,15,0.586645828633425
"959","3d002fa38464d4b",4,14,3,21,21,0.586379770858455
"960","36802d35637aacd",6,30,2,10,10,0.586273745131755
"961","d5a90466cabfd03",8,34,2,11,11,0.586243563141586
"962","b2df9ef2ed1e087",7,32,7,7,7,0.586151414134811
"963","7171aef8d7e2e4d",4,11,2,51,52,0.586110150883404
"964","4cbe1a61c9d1252",2,17,2,12,12,0.585978942131506
"965","a8594a85b68131f",4,30,2,10,10,0.585962879601847
"966","d426432c273e04e",3,38,3,6,6,0.585843626511148
"967","f1842e6304e8625",8,8,7,27,27,0.585842851896208
"968","7f58f0cfa14bbfe",0,20,1,16,16,0.585719612876515
"969","676a59b5729e0c3",5,36,4,6,6,0.585716690141381
"970","f11e9112b1fecb5",2,28,2,10,10,0.585664799631095
"971","07f2b6e26601e8e",3,40,3,5,5,0.58553111564717
"972","736e0c78ded8538",2,21,2,10,10,0.585116523382716
"973","c4c48027732c21b",3,38,1,10,10,0.585057096363986
"974","22dd50d76d43c4e",3,31,1,13,13,0.584929850843139
"975","bd52e4c31f775b8",11,27,2,17,16,0.584817826698589
"976","0c59bd7bb0a46da",4,26,4,8,8,0.584627386165493
"977","2e0981cc0c8347a",8,22,4,14,14,0.584506493163043
"978","34f3cf390be989f",4,36,4,5,5,0.584469686093053
"979","4d18598bb8f3bf2",6,26,5,8,8,0.584437577378714
"980","152ce38f1b7c923",3,28,0,16,16,0.584402385283025
"981","d82527fa092ecce",1,3,4,37,37,0.584220857886404
"982","374997365c82c34",14,32,5,16,16,0.584031128921241
"983","0437e194e3dcb1b",5,12,1,29,28,0.583965490577222
"984","a785c6f689f24e1",5,37,1,11,11,0.583848427396904
"985","e87476ff128bf48",6,43,3,6,6,0.583747760084559
"986","5173c10d364dc0e",3,32,2,9,9,0.58370543030834
"987","6cf6994f7159da3",4,22,2,11,11,0.583560482119329
"988","8a8059bb3aa8521",4,21,2,13,13,0.583383401156636
"989","2b035c07022dabb",3,11,0,19,19,0.583349385233918
"990","692ed54a28f96b5",4,46,2,7,7,0.583232442438527
"991","1e4e6f87ebd7046",1,19,3,13,13,0.583204068520746
"992","d65d56e1a45eedc",2,17,1,12,12,0.582954451393709
"993","1f1175d721cc568",10,10,4,28,28,0.582806416787192
"994","dff7482e3edd1a4",3,48,2,5,5,0.58278816772455
"995","27bf551b7f0b3cf",4,39,4,4,4,0.582626845540076
"996","da5c8e0e7d2111f",2,23,1,10,10,0.582543441939917
"997","982e95e4000a39d",5,25,2,11,11,0.58238980349996
"998","575e502f863fe01",2,32,0,11,11,0.582377458765253
"999","6b4525a02c81904",3,21,0,17,17,0.582258963527089
"1000","45307ed464869c1",1,20,7,13,13,0.582219534200146
